{
  "base_test_auc": 0.789828431372549,
  "base_forget_acc": 0.8142857142857143,
  "base_forget_auc": 0.8423973362930078,
  "base_total_params": 204481,
  "baselines": {
    "full_retrain": {
      "forget_acc": 0.7857142857142857,
      "forget_auc": 0.7924528301886793,
      "forget_confidence": 0.2096840739250183,
      "retain_auc": 0.821536333170342,
      "test_auc": 0.7453022875816994,
      "kl_div": 0.02259567566215992,
      "js_divergence": 0.005512741394340992,
      "ece": 0.11527724124491215,
      "elapsed_sec": 11.433427810668945,
      "relearn_steps": 10,
      "delta_eo": null,
      "original_forget_acc": 0.8142857142857143,
      "elapsed": 11.433427810668945
    },
    "gradient_ascent": {
      "forget_acc": 0.5428571428571428,
      "forget_auc": 0.1664816870144284,
      "forget_confidence": 0.21724127233028412,
      "retain_auc": 0.6175923386086895,
      "test_auc": 0.6203022875816994,
      "kl_div": 1.0523382425308228,
      "js_divergence": 0.11408968269824982,
      "ece": 0.3073439744083832,
      "elapsed_sec": 10.244172096252441,
      "relearn_steps": 30,
      "delta_eo": null,
      "original_forget_acc": 0.8142857142857143,
      "elapsed": 10.244172096252441
    },
    "finetune_retain": {
      "forget_acc": 0.8,
      "forget_auc": 0.8446170921198669,
      "forget_confidence": 0.2545017600059509,
      "retain_auc": 0.8077377189948598,
      "test_auc": 0.7912581699346406,
      "kl_div": 0.0012833888176828623,
      "js_divergence": 0.00032505005947314203,
      "ece": 0.08092111125588418,
      "elapsed_sec": 1.595855951309204,
      "relearn_steps": 10,
      "delta_eo": null,
      "original_forget_acc": 0.8142857142857143,
      "elapsed": 1.595855951309204
    },
    "sisa": {
      "forget_acc": 0.7571428571428571,
      "forget_auc": 0.7336293007769146,
      "forget_confidence": 0.16802473366260529,
      "retain_auc": 0.7714343641546113,
      "test_auc": 0.7794117647058824,
      "kl_div": 0.1100829467177391,
      "js_divergence": 0.025962140411138535,
      "ece": 0.15267581149935722,
      "elapsed_sec": 7.2739269733428955,
      "relearn_steps": 10,
      "delta_eo": null,
      "original_forget_acc": 0.8142857142857143,
      "elapsed": 7.2739269733428955
    },
    "influence_fn": {
      "forget_acc": 0.24285714285714285,
      "forget_auc": 0.8701442841287459,
      "forget_confidence": 0.9173040390014648,
      "retain_auc": 0.7238130448782931,
      "test_auc": 0.6303104575163399,
      "kl_div": 1.3861225843429565,
      "js_divergence": 0.2753790318965912,
      "ece": 0.6026457035541534,
      "elapsed_sec": 0.036228179931640625,
      "relearn_steps": 10,
      "delta_eo": null,
      "original_forget_acc": 0.8142857142857143,
      "elapsed": 0.036228179931640625
    }
  },
  "lora": {
    "r4_f5pct": {
      "forget_acc": 0.4857142857142857,
      "forget_auc": 0.6153846153846153,
      "forget_confidence": 0.5121215581893921,
      "retain_auc": 0.7890309918692173,
      "test_auc": 0.7640931372549019,
      "kl_div": 0.16514717042446136,
      "js_divergence": 0.044602178037166595,
      "ece": 0.2061949175596237,
      "elapsed_sec": 10.272278070449829,
      "relearn_steps": 20,
      "delta_eo": null,
      "original_forget_acc": 0.8142857142857143,
      "elapsed": 10.272278070449829,
      "fa_elapsed": 6.41401743888855,
      "ra_elapsed": 3.8582606315612793,
      "rank": 4,
      "forget_frac": 0.05
    },
    "r4_f10pct": {
      "forget_acc": 0.6428571428571429,
      "forget_auc": 0.4173140954495005,
      "forget_confidence": 0.19174981117248535,
      "retain_auc": 0.723753413874942,
      "test_auc": 0.7220179738562091,
      "kl_div": 0.0931866466999054,
      "js_divergence": 0.020397141575813293,
      "ece": 0.13110439034799734,
      "elapsed_sec": 16.17627239227295,
      "relearn_steps": 40,
      "delta_eo": null,
      "original_forget_acc": 0.8142857142857143,
      "elapsed": 16.17627239227295,
      "fa_elapsed": 6.149186849594116,
      "ra_elapsed": 10.027085542678833,
      "rank": 4,
      "forget_frac": 0.1
    },
    "r4_f20pct": {
      "forget_acc": 0.65,
      "forget_auc": 0.6754130223517979,
      "forget_confidence": 0.32367727160453796,
      "retain_auc": 0.774310439728457,
      "test_auc": 0.7504084967320261,
      "kl_div": 0.05278400331735611,
      "js_divergence": 0.014170920476317406,
      "ece": 0.08082055151462555,
      "elapsed_sec": 18.08616590499878,
      "relearn_steps": 20,
      "delta_eo": null,
      "original_forget_acc": 0.8142857142857143,
      "elapsed": 18.08616590499878,
      "fa_elapsed": 7.049130439758301,
      "ra_elapsed": 11.037035465240479,
      "rank": 4,
      "forget_frac": 0.2
    },
    "r8_f5pct": {
      "forget_acc": 0.4857142857142857,
      "forget_auc": 0.5384615384615384,
      "forget_confidence": 0.5149250030517578,
      "retain_auc": 0.768509931632411,
      "test_auc": 0.7457107843137255,
      "kl_div": 0.18257324397563934,
      "js_divergence": 0.05002909526228905,
      "ece": 0.19386953433354695,
      "elapsed_sec": 9.245355129241943,
      "relearn_steps": 30,
      "delta_eo": null,
      "original_forget_acc": 0.8142857142857143,
      "elapsed": 9.245355129241943,
      "fa_elapsed": 5.536491870880127,
      "ra_elapsed": 3.7088632583618164,
      "rank": 8,
      "forget_frac": 0.05
    },
    "r8_f10pct": {
      "forget_acc": 0.6,
      "forget_auc": 0.5382907880133185,
      "forget_confidence": 0.4077780544757843,
      "retain_auc": 0.7458407375162495,
      "test_auc": 0.7263071895424836,
      "kl_div": 0.15253207087516785,
      "js_divergence": 0.038860686123371124,
      "ece": 0.17556817476948106,
      "elapsed_sec": 22.400094032287598,
      "relearn_steps": 40,
      "delta_eo": null,
      "original_forget_acc": 0.8142857142857143,
      "elapsed": 22.400094032287598,
      "fa_elapsed": 6.967014312744141,
      "ra_elapsed": 15.433079719543457,
      "rank": 8,
      "forget_frac": 0.1
    },
    "r8_f20pct": {
      "forget_acc": 0.6714285714285714,
      "forget_auc": 0.6462585034013605,
      "forget_confidence": 0.21748103201389313,
      "retain_auc": 0.7593419362730108,
      "test_auc": 0.7534722222222222,
      "kl_div": 0.0532909631729126,
      "js_divergence": 0.012373793870210648,
      "ece": 0.1331536348660787,
      "elapsed_sec": 17.327254056930542,
      "relearn_steps": 20,
      "delta_eo": null,
      "original_forget_acc": 0.8142857142857143,
      "elapsed": 17.327254056930542,
      "fa_elapsed": 9.572885513305664,
      "ra_elapsed": 7.754368543624878,
      "rank": 8,
      "forget_frac": 0.2
    },
    "r16_f5pct": {
      "forget_acc": 0.5142857142857142,
      "forget_auc": 0.5555555555555556,
      "forget_confidence": 0.5192187428474426,
      "retain_auc": 0.7801884961287121,
      "test_auc": 0.7518382352941176,
      "kl_div": 0.18731094896793365,
      "js_divergence": 0.05184432864189148,
      "ece": 0.19579116940498353,
      "elapsed_sec": 11.456314325332642,
      "relearn_steps": 30,
      "delta_eo": null,
      "original_forget_acc": 0.8142857142857143,
      "elapsed": 11.456314325332642,
      "fa_elapsed": 7.5961244106292725,
      "ra_elapsed": 3.860189914703369,
      "rank": 16,
      "forget_frac": 0.05
    },
    "r16_f10pct": {
      "forget_acc": 0.6142857142857143,
      "forget_auc": 0.5382907880133185,
      "forget_confidence": 0.3644205629825592,
      "retain_auc": 0.741666567281661,
      "test_auc": 0.7160947712418301,
      "kl_div": 0.11136432737112045,
      "js_divergence": 0.02952686883509159,
      "ece": 0.15105695833762486,
      "elapsed_sec": 22.127793073654175,
      "relearn_steps": 30,
      "delta_eo": null,
      "original_forget_acc": 0.8142857142857143,
      "elapsed": 22.127793073654175,
      "fa_elapsed": 9.81463623046875,
      "ra_elapsed": 12.313156843185425,
      "rank": 16,
      "forget_frac": 0.1
    },
    "r16_f20pct": {
      "forget_acc": 0.6357142857142857,